{"type":"APLA","version":"0.8","mainTemplate":{"parameters":["payload"],"item":{"type":"Selector","strategy":"normal","description":"Change 'type' above to try different Selector Component Types like Sequencer","items":[{"type":"Speech","contentType":"SSML","when":"${payload.va_name == 'alexa'}","content":"<speak> <amazon:emotion name='excited' intensity='low'> Me? Well I'm flattered.</amazon:emotion> Would you like to go to a restaurant, the beach, or the arcade? </speak>","description":"Expand on 'items' array to add multiple prompts, use response template arguments by adding it to 'content' like this ${payload.input_argument_name} and add SSML by changing 'contentType' to 'SSML' and adding SSML to 'content' <amazon:effect name=\"whispered\">like that</amazon:effect>"},{"type":"Speech","contentType":"SSML","when":"${payload.va_name == 'siri'}","content":"<speak> <voice name='Joanna'> <amazon:emotion name='excited' intensity='low'>You seem confident. I look forward to learning more about you. </amazon:emotion> Say <break time='0.7s'/> you haven't taken me out yet. Would you prefer to go to the beach, arcade, or restaurant? </voice> </speak>","description":"Expand on 'items' array to add multiple prompts, use response template arguments by adding it to 'content' like this ${payload.input_argument_name} and add SSML by changing 'contentType' to 'SSML' and adding SSML to 'content' <amazon:effect name=\"whispered\">like that</amazon:effect>"},{"type":"Speech","contentType":"SSML","when":"${payload.va_name == 'google'}","content":"<speak> <voice name='Nicole'> <amazon:emotion name='excited' intensity='low'>Hi! I look forward to spending time with you. </amazon:emotion> Where would you like to take me? The beach, restaurant, or arcade? </voice> </speak>","description":"Expand on 'items' array to add multiple prompts, use response template arguments by adding it to 'content' like this ${payload.input_argument_name} and add SSML by changing 'contentType' to 'SSML' and adding SSML to 'content' <amazon:effect name=\"whispered\">like that</amazon:effect>"},{"type":"Speech","contentType":"SSML","when":"${payload.va_name == 'cortana'}","content":"<speak> <voice name='Salli'> <amazon:emotion name='excited' intensity='low'>Nice to meet you! I'm looking forward to having some fun together. </amazon:emotion> Let's go somewhere! How about the beach, restaurant, or arcade? </voice> </speak>","description":"Expand on 'items' array to add multiple prompts, use response template arguments by adding it to 'content' like this ${payload.input_argument_name} and add SSML by changing 'contentType' to 'SSML' and adding SSML to 'content' <amazon:effect name=\"whispered\">like that</amazon:effect>"},{"type":"Speech","contentType":"SSML","when":"${payload.va_name == 'bixby'}","content":"<speak> <voice name='Amy'> <amazon:emotion name='excited' intensity='low'>Oh hey! I'm Bixby... <break time='1s'/> <prosody volume='soft'>Oh wait you already know that, haha... <break time='1s'/> </prosody> </amazon:emotion> Wanna have some fun? Do you want to go to the beach, restaurant, or arcade? </voice> </speak>","description":"Expand on 'items' array to add multiple prompts, use response template arguments by adding it to 'content' like this ${payload.input_argument_name} and add SSML by changing 'contentType' to 'SSML' and adding SSML to 'content' <amazon:effect name=\"whispered\">like that</amazon:effect>"}]}}}