{
    "fridayNightQuestion":{
        "slot": "fri_night",
        "dbkey": "fridayNight"
    },
    "firstDateQuestion":{
        "slot": "first_date",
        "dbkey": "firstDate"
    },
    "superpowerQuestion":{
        "slot":"superpower",
        "dbkey":"superpower"
    },
    "numChildrenQuestion":{
        "slot":"num_children",
        "dbkey":"numChildren"
    },
    "faveColorQuestion":{
        "slot":"color",
        "dbkey":"faveColor"
    },
    "spiritAnimalQuestion":{
        "slot":"animal",
        "dbkey":"spiritAnimal"
    },
    "movieGenreQuestion":{
        "slot":"movie",
        "dbkey":"movieGenre"
    },
    "faveSeasonQuestion":{
        "slot":"season",
        "dbkey":"faveSeason"
    },
    "tattooLocationQuestion":{
        "slot":"tattoo",
        "dbkey":"tattooLocation"
    },
    "openBusinessQuestion":{
        "slot":"business",
        "dbkey":"openBusiness"
    },
    "ducksHorsesQuestion":{
        "slot":"duck_horse",
        "dbkey":"ducksHorses"
    },
    "dogsCatsQuestion":{
        "slot":"dogs_cats",
        "dbkey":"dogsCats"
    },
    "coffeeTeaQuestion":{
        "slot":"coffee_tea",
        "dbkey":"coffeeTea"
    }
}